IHECRE00000294.2	IHECRE00000949.6	IHECRE00004675.3	IHECRE00001892.4	IHECRE00001907.1	IHECRE00004631.3	IHECRE00001966.2	IHECRE00004664.3	IHECRE00003825.5	IHECRE00001888.4	IHECRE00001899.1	IHECRE00000002.3	IHECRE00001854.4	IHECRE00000810.3	IHECRE00001236.5	IHECRE00001973.1	IHECRE00000252.2	IHECRE00003702.4	IHECRE00003848.5	IHECRE00001018.4	IHECRE00000222.3	IHECRE00004705.3	IHECRE00003691.3	IHECRE00000969.7	IHECRE00004897.1	IHECRE00004615.1	IHECRE00001859.4	IHECRE00001954.2	IHECRE00001022.4	IHECRE00003829.4	IHECRE00002067.1	IHECRE00000347.2	IHECRE00001904.1	IHECRE00001964.2	IHECRE00001315.1	IHECRE00000974.7	IHECRE00001914.1	IHECRE00000051.3	IHECRE00000831.3	IHECRE00000332.2	IHECRE00000335.2	IHECRE00000177.3	IHECRE00001916.1	IHECRE00004695.3	IHECRE00003845.2	IHECRE00000348.2	IHECRE00001486.1	IHECRE00004643.3	IHECRE00000353.2	IHECRE00001884.4
DCUN1D4	2.98402568923503	3.9453199909378	2.33537222945729	3.09197777147149	3.00016116163973	3.76862928374103	3.90915739952196	2.89753508078426	3.56375649059625	4.5132466079005	3.35033666538322	4.09258455147991	4.39674292452511	4.11450182213727	2.42899811387786	5.20930313593836	3.08775594218077	5.91016082840905	2.98831366191028	2.17492664714275	3.29156868143235	3.52430568709544	3.04491146222817	3.46666494609248	2.07595421440892	3.74959126650897	4.09441356188071	2.43659447323127	2.15474474359449	3.3043099833411	5.21438764126272	2.98552242995173	2.41200583267442	2.37524430451848	3.65427280572006	2.50741164753912	3.24618407511554	3.95395123150791	3.23880716266297	2.87011212606232	3.92642119755086	3.56118296003525	3.60556361533819	4.42826346581371	3.90520065404908	4.34094578361948	2.84335518649067	2.68169912590458	3.40265495769187	4.35628162904314
CHRDL2	0.00316766118067508	0.0238810179796218	0.143730971285494	0.00111469585679834	0.00174133399642517	0.000139384091784162	0.0751936219545881	0.515625189899993	0.157012456258795	0.048788790040944	0.349718087991933	0.00386291915942761	0.0531281304371413	0.00374127319747698	0.706250248851349	0.0161827770509045	0.000174228010705049	0.0315724926927938	0.316481584706766	0.000174228010705049	0.0915076990915594	0.00528715140435753	0.0386465419558514	0.0196245685081571	0.0879711182430849	0.59182277794734	1.58350978179779	3.48472854424441e-05	0.458163872474096	0.00101022969963006	3.48472854424441e-05	0.00165431719607989	0.401065828539778	0.00379340843713569	0.000452949070450592	3.48472854424441e-05	0.00121915445007577	0.00400193055749626	0.00316766118067508	0.001184335759348	0.243018483017324	0.00466205184144024	0.00151507939781377	2.96928821443845	0.00243727951927403	0.00132360548055759	0.00299379432086655	0.182170255052557	0.0120072009608732	0.00170652790609936
LCN15	0.00316766118067508	3.76433764110077	0.0291156793520478	0.235179454805628	0.00174133399642517	0.000139384091784162	0.000139384091784162	0.925907711151247	0.1444089924767	0.000348434983190721	3.40753009897049	0.00386291915942761	0.000243913324001203	0.00374127319747698	3.48472854424441e-05	0.102292975311044	0.0271848293262304	0.000174228010705049	0.381296749680268	4.65321721103111	0.00427991317660622	0.00528715140435753	3.48472854424441e-05	0.0357938885280772	0.00201975249314262	6.96937291935136e-05	0.171132549755515	0.00982834696881012	8.04070822991807	0.00101022969963006	0.168747442919299	0.122024429856594	0.00247206798435064	3.48472854424441e-05	0.0528594033338217	0.0926846354452589	0.00121915445007577	0.00400193055749626	0.00316766118067508	0.31555782988317	0.607666242266435	0.00466205184144024	0.00151507939781377	0.000487785417075723	0.00243727951927403	0.00132360548055759	0.00299379432086655	0.000452949070450592	0.0120072009608732	0.00170652790609936
TTN	0.710164228032913	0.206262687579877	0.0291156793520478	1.3928284319596	0.00174133399642517	1.45794824479431	0.0489909095043549	11.1501826500864	1.43932119956779	0.306386237559282	0.000731616293161134	0.415586246278489	0.29105967187051	2.91632893798907	0.100685189779183	0.682367018919142	1.45122226305525	0.376768184925679	1.6386727015555	0.000174228010705049	0.0611333541752069	1.90533787581987	0.0360318252041081	0.16125678149621	0.0567845588189871	0.0102436205568117	0.106668759802677	0.0522209757803003	0.0118689588142659	1.22334792764897	0.92660454126818	1.59394839800711	0.00247206798435064	0.046968439489646	2.66254953156013	0.0569855612631837	0.778675846051043	0.715108155298776	0.895471229414009	4.67981187951192	5.29074990683527	0.00466205184144024	1.55746277664182	1.44572542406504	2.18603885884285	1.76609834915625	1.85609077136897	6.8316064975647	0.764837623836299	0.00170652790609936
METTL3	4.29021567294565	4.1381310419668	4.10399928646942	5.334426812191	4.18030221470684	4.77332112019009	3.47950614174364	4.00166084363816	5.30270845197744	5.18561282404143	4.91354623220601	5.68313973276219	3.80928767454222	5.32508793250957	4.2421772018217	3.56297238194	4.20826428640604	5.40304784883711	4.30116082276769	2.7016320890575	4.01302309029282	4.10442985415868	4.50870728478643	5.01460649374153	4.13147774785303	4.30774176854318	4.79961543253106	4.46041177334391	3.26061845441914	3.90161430901591	3.60275246898255	5.3105482433615	4.1381310419668	4.7695647842149	5.82630284378011	3.99480379024628	5.33955140027919	5.06704432550549	4.33878438819069	5.13872168904426	4.23684659806859	3.47777742522393	5.51827436578082	4.86161020114522	6.18917662796065	5.68923702762859	5.69012351895163	4.00009582800967	3.54684824400749	4.23013579702183
CAPRIN1	5.44927825906135	6.07469943535961	5.80308723943614	6.645536612562	5.30920062144824	6.15305043126053	5.87706432242059	5.34848441348795	7.03998549130927	6.49433791987437	5.75901813503657	7.21140539964906	5.68878851075501	6.07032839497533	5.09757466610468	6.26978981920298	6.20122093251721	7.22798001095539	5.58797513163056	5.24826402967272	5.55266278686391	5.79994885357928	5.45780394650973	5.56202484012398	5.57200136416591	5.83239778277127	6.38911950802861	5.80601328400888	5.493950951028	7.12627227161655	6.20527595887366	5.66062602876148	5.55524635960171	5.46007140736012	6.39942004351116	6.62350019070616	5.08818370116786	6.39857806548047	6.36798676278039	6.2718915121121	6.17409971221901	6.13864651122257	5.05000108228986	5.65599470850629	5.09478785567925	7.93922331217185	5.46513022501048	6.56245075789826	4.93988124346738	6.6844914951129
CNIH2	0.880065561859123	0.501060617105375	0.224958910926194	1.08767601146869	0.266326658709205	0.000139384091784162	0.402305631271368	0.230865353929238	2.00887622723869	0.655042037964834	0.724871677385059	0.49659696672833	0.503115169023845	0.538142248962937	0.23286834521137	5.10586651362786	0.334612490952164	1.39311372197982	1.40788472924165	0.942067932285911	0.360873160098382	0.00528715140435753	0.132553001396868	0.242827074829712	1.29668793357438	0.349444599077834	0.938763078764672	1.86381398896154	0.203481121578708	0.678267910145327	4.58766212255731	0.199708377388823	0.32543647434301	1.31699219522854	1.12271272711704	1.53568034217619	1.15131294381134	0.631728537183713	0.685653106927036	1.24251045939441	2.29222336670474	0.00466205184144024	1.18788706261645	0.000487785417075723	1.68075920807321	0.406702289178011	0.177494166725325	0.000452949070450592	2.37760663940332	0.131312711962176
FAM166B	0.00316766118067508	0.185207734967238	0.598512506469568	0.633144762416462	0.555081084227353	0.178664610470084	0.000139384091784162	0.00101022969963006	0.377117041181977	0.672868044897556	0.947291207282788	0.634245310579519	0.193459413206472	0.387010823866361	0.208194531840017	0.110869971393833	0.000174228010705049	0.539605392153216	0.00375865182003414	0.472952332742201	0.0790585611221865	4.70683882370451	0.190530887389073	0.339054739770714	0.0632694938079495	0.366965802846098	0.606785514441915	0.0962096946505637	0.0887250058641076	0.440939362721601	0.168747442919299	0.327673480560916	0.32543647434301	0.0271335325906068	0.45925420122386	0.434004459868626	0.738501560090462	0.631728537183713	0.362093748772862	0.936780167527444	0.243018483017324	0.00466205184144024	0.674364576990587	0.000487785417075723	1.08767601146869	0.219162907397878	0.873841722802583	0.914888007044988	0.0120072009608732	0.131312711962176
ZNF250	2.2710488559107	1.90491919229121	3.22995195732205	2.19782969252069	1.98726813199252	3.73917759807085	1.34142890127475	2.35507484205185	2.10581895161346	2.21693841552642	1.80379607011941	2.49209468686413	2.11192239629631	3.08040225565685	2.97566607020031	2.41292876165446	2.3706393982922	2.73925327372596	2.68238330513059	2.40911212754839	2.93713055878496	1.95685128456461	3.61779589693025	1.77092605470055	1.44167720750471	2.1552063947441	1.76901020277477	1.32886004727752	1.68659525570196	2.10374493788848	2.10446631987197	3.00596620608896	2.29068937026661	1.4378169926171	3.92114697751375	1.76783900342668	2.89101758393413	2.31461246843861	1.93162824966547	2.94424735012277	2.82359677047418	2.0766978844408	3.24668713567165	2.81621383221092	2.78539892213399	2.42713649434669	3.09102929430587	1.35738200579141	3.36941421957414	2.7695980012205
CITED2	5.66743075118228	5.493950951028	6.78497332642322	2.57158301999201	5.53649218482432	6.89447275905069	8.5116286287913	6.51951812662684	5.76834065142981	3.48852556506686	4.33028645144448	6.51356741155636	8.25612992999155	4.5561109673504	6.20954519112186	2.00094493450987	5.69428739092365	6.61181137453313	7.34911826751866	5.0175830710655	7.14435529456879	5.73958137310616	8.4822423925376	4.14461391291313	5.43344574119553	3.85352322194836	2.87524347953287	6.28583640955148	4.39537579866502	5.99532556525391	1.73723738067309	6.68661792196101	5.62646453156342	6.15305043126053	2.18238139791682	6.76535761433514	5.44458721063917	5.71667020686749	4.59224468535773	3.92228979192113	3.6145647565733	5.96213264563369	5.63546980631732	6.50478771309633	4.38955517364593	5.79505052008749	6.22962484114689	6.21022569483905	3.92309175067682	6.66083681665718
ROR1	0.18753520629731	0.476062293181418	3.39678924508004	0.0885611507591704	0.326659615612451	0.178664610470084	0.919381539791715	3.07985215168311	0.000661954533568181	2.93695537379376	1.11163618047281	0.00386291915942761	2.93993062943783	0.00374127319747698	0.395486739733565	0.121287748130193	0.11354589846901	3.48404158830256	0.00375865182003414	0.325978676269906	0.9834926507626	5.44850040221828	0.0892492171760073	0.21132827196086	0.443170989373289	1.45817021397682	2.79220149543843	0.134903444069642	0.181955241473138	0.0964704678347419	0.275870781609899	0.122024429856594	0.719199316342639	0.588987598542811	1.94249410653768	3.8405629690579	0.00121915445007577	0.00400193055749626	0.00316766118067508	0.576644815325188	0.505350934642251	1.24196542358454	0.175567027114561	3.52036151050491	0.318858232920503	0.00132360548055759	0.177494166725325	3.2616943249328	0.0120072009608732	2.65848195840323
CT55	0.00316766118067508	0.000174228010705049	0.000104539331293868	0.00111469585679834	0.00174133399642517	0.000139384091784162	0.0751936219545881	0.00101022969963006	0.000661954533568181	0.000348434983190721	0.131153623354098	0.00386291915942761	0.000243913324001203	0.00374127319747698	0.00497463547875958	0.0278515209660404	0.000174228010705049	0.0315724926927938	0.00375865182003414	0.000174228010705049	3.48472854424441e-05	0.00528715140435753	0.00698744039419684	0.000592289410135369	0.00201975249314262	0.25200077359746	0.0129399891279006	0.00982834696881012	0.00495727149778945	0.00101022969963006	0.0697420110036834	0.00165431719607989	0.00247206798435064	0.00379340843713569	0.000452949070450592	0.0569855612631837	0.00121915445007577	0.00400193055749626	0.00316766118067508	0.001184335759348	0.00466205184144024	0.00466205184144024	0.00151507939781377	0.000487785417075723	0.00243727951927403	0.00132360548055759	0.00299379432086655	0.0577892911117645	0.0120072009608732	0.00170652790609936
RHEX	0.770078284740878	0.0208272582949926	0.191507723322977	1.88420621451837	0.326659615612451	0.595217654949264	0.000139384091784162	0.00101022969963006	2.5739698356842	0.000348434983190721	0.84461465344807	3.13313898518287	0.000243913324001203	0.226463852570366	0.838118688205349	3.48472854424441e-05	2.05339680749467	0.000174228010705049	0.00375865182003414	0.402107861839604	0.384930744148007	0.390590598566376	0.420880067452675	0.26735485366756	0.297368657490345	6.96937291935136e-05	3.48472854424441e-05	1.44167720750471	0.116859740658643	5.59645050507932	3.48472854424441e-05	2.57826201317057	0.294686447529859	0.996572143770806	3.3027605407432	3.48472854424441e-05	0.272758915725615	0.894524895715763	0.00316766118067508	2.21220841131153	1.4751350226621	0.00466205184144024	0.483159946238316	0.000487785417075723	0.00243727951927403	3.95337546963954	2.52722993449959	0.195773620906468	0.764837623836299	0.00170652790609936
CD300LD	0.569970050995565	0	0.000104539331293868	0.00111469585679834	0.00174133399642517	0.000139384091784162	0.000139384091784162	0.00101022969963006	0.000661954533568181	0.000348434983190721	0.000731616293161134	0.00386291915942761	0.000243913324001203	0.00374127319747698	3.48472854424441e-05	3.48472854424441e-05	0.399481551824815	0.000174228010705049	0.675641409411544	0.000174228010705049	3.48472854424441e-05	0.00528715140435753	3.48472854424441e-05	0.00653653857582607	3.48472854424441e-05	6.96937291935136e-05	3.48472854424441e-05	3.48472854424441e-05	3.48472854424441e-05	0.00101022969963006	3.48472854424441e-05	0.00165431719607989	0.00247206798435064	3.48472854424441e-05	0.0528594033338217	3.48472854424441e-05	0.00121915445007577	0.00400193055749626	1.06147568307414	0.001184335759348	0.00466205184144024	0.00466205184144024	0.00151507939781377	0.000487785417075723	0.00243727951927403	0.00132360548055759	0.00299379432086655	0.000452949070450592	2.77978246815246	0.00170652790609936
CFAP36	2.03932491458362	3.27376452305747	1.58397481102649	2.5495620346028	4.15670183395748	3.6532539102306	4.82441121644715	2.6867955183806	2.51208028047601	3.46666494609248	4.10077557373804	3.66522742172447	4.61528009589816	4.81765353268328	5.97957859302723	5.79850169820634	2.17695097391707	3.81980144760625	2.10347331300169	4.61354304101229	5.88528845753267	1.2255700171334	5.94390887280352	4.89371510029287	2.05924491117735	5.16134588376737	4.92336796704764	3.09430951747418	4.52331118228953	3.32851666778885	5.68043036391231	1.68214985186332	3.98486779694845	2.4745896596897	3.41482022925025	2.50501026559592	5.11147087504672	2.8653809410528	2.28867240708738	1.89130177065878	3.19137421056059	3.83699619448136	5.12077905807804	3.4084706632398	4.75746521886246	3.60097728035581	1.60350952429512	2.32910279154078	3.28619902837058	3.0007468543547
MAGEF1	2.03932491458362	4.06975031177635	3.47124716216518	4.44376999085206	2.77522362416295	4.70282748955217	4.1559337823343	4.00881994595122	3.33729051449322	3.18952283211977	5.00093731654523	2.1292511558331	4.21060382293668	2.98459595446098	5.17267051620277	4.22287958468328	2.11404507026574	5.07533626358701	2.15766083571429	2.87241242993975	4.34221942100847	1.51706263473208	4.78052946566868	4.91189417059115	3.29269284927891	4.36650721202484	3.62733615094073	4.23579549585462	3.4302626444196	2.56384195036863	4.00861211909859	4.74150215935818	1.78879665418246	4.32684021905653	2.32225911011988	3.84662170291313	2.41423360011934	2.05903586068984	2.42224925418585	3.96189506112326	2.37916486983084	1.76561673863607	3.00518298695087	3.87873481737184	3.08288438484195	2.95981494591244	4.77744639901865	3.62885528920895	1.40014187856389	2.97102254915284
GABPA	3.71452958147557	3.02904310563573	2.58013382962503	3.06940163819673	2.83647548018399	3.46088815085681	3.12936266664635	2.89753508078426	2.88079671189275	2.25962183166256	2.32614199204168	3.59816436820273	3.22360162767492	4.12384650087637	2.70318738816089	2.39585427455972	3.14404045653225	4.30636069910467	2.94752160948995	3.51051861280587	4.03386132441012	2.10158268496728	3.45361141526336	3.3428103093297	3.60838643806017	3.3561897512941	2.32131813110053	3.24361463039824	2.88686583912697	3.4551564465086	2.28867240708738	4.36587609463625	2.47440469094911	3.41953563471513	3.41262609292363	2.91428257152983	3.11241407119447	3.37068993352691	4.0028057771992	4.39997352395173	4.15165315825785	3.67651925800156	2.83592407425437	2.81621383221092	3.77375685462415	3.90520065404908	3.84295211901354	1.63991441284816	3.98342215159132	3.46371469039953
ASPG	0.18753520629731	2.41292876165446	3.37181472646075	0.00111469585679834	0.154102881312649	1.28465860952119	0.000139384091784162	4.47794006910822	0.377117041181977	0.048788790040944	0.000731616293161134	0.214560335934537	0.000243913324001203	0.572514787247626	0.0678814333426215	0.0161827770509045	0.000174228010705049	0.417335616548479	0.192453402825412	0.700664870365706	0.0827980142652203	0.00528715140435753	0.284708672182326	1.37918831420927	0.223825443595705	0.385544412835592	0.043895605440023	3.48472854424441e-05	3.20662888018549	0.00101022969963006	0.00740353241262331	0.00165431719607989	0.183919888086452	0.00379340843713569	0.0528594033338217	0.0130781286890727	0.0887250058641076	0.00400193055749626	0.210319589035873	0.150967745148539	0.00466205184144024	0.514137510727432	0.536581527199365	0.0543200034406262	0.470866913864574	0.00132360548055759	0.00299379432086655	0.0456691929775224	1.51000175950824	0.00170652790609936
DCTN3	5.27019577428607	4.42324686863469	5.83756425377158	5.04812749311284	5.2580482036172	5.46080902927332	5.29179910048287	6.01301499623392	5.26705715074716	6.13864651122257	4.11865022801788	4.91741215198071	5.94165183756978	4.83647913925391	6.19441571094594	6.10956244392416	4.72597424591279	4.97214763948492	5.21230429149638	6.17977065386404	5.82422732963652	3.66672640851636	6.21650079065392	5.56368649821877	5.03652775453306	4.24064525239767	5.19775895685134	5.09035537403893	5.42292361312012	5.36602312656622	5.66383445314516	4.64080867767411	5.36962747882568	4.86105992687374	3.57876956786735	4.34453178079853	5.28794118538329	5.01193916155977	4.94531433564106	4.94712177041723	4.67657512779598	5.02119860091307	5.26567007706856	4.82285143256611	4.94476114048907	4.53099488173691	4.64033227118862	4.15100893796531	4.48641125007663	5.533575009209
TALDO1	9.17930225182304	5.36891761639273	6.38911950802861	6.89945442022676	8.76077642575499	9.24119078708901	5.86034809536257	5.52738860917048	7.57205081014511	6.14256339755874	6.48555633348013	6.88953526538689	6.87761712133772	4.90284724731224	6.72211750531469	5.60546878188627	7.56347318471465	5.57748939974057	7.09413940910851	6.09025819719873	6.17210327379512	6.59557767538598	6.645536612562	5.84578395383276	6.16134198870114	5.81014004848414	7.95109687712233	6.67207613936149	6.51682290632876	8.6250065129122	5.72284217226051	5.45190431505693	7.8544378030725	7.06860876670729	5.44421267568229	6.69524039776512	5.23183195894706	7.95732429250859	7.62648922058803	5.54105395551325	4.25254751670403	7.39297699299614	5.40071529218603	5.48959513489921	4.09662324272448	7.88952615408383	5.5372983182329	7.18801898661546	8.60380290186636	5.59012197729328
TG	1.49232385074905	0.084623034874519	3.46371469039953	0.131089982998505	0.739931567844904	14.0008274127264	1.32336310646579	0.486820062470108	0.561990171152281	0.290760589495478	0.000731616293161134	1.12580600752965	0.643064232557669	0.731603032374734	12.6797895575053	2.41760305710662	0.663922090070224	0.000174228010705049	1.82370013954449	0.000174228010705049	11.794115420762	0.788917673800928	14.0008274127264	1.14883195430758	0.0747304562339423	0.627200788298405	0.270593941819394	0.0665010627552398	0.919160420158991	1.46462407539472	1.24591594929645	3.11649615292159	0.708565791882152	0.0804434535037432	0.958766478889357	0.626094851072236	0.738501560090462	1.23163720581376	1.09651935755966	2.08851199059853	0.705192613234347	0.598719623263824	0.992689627270836	0.204192140430329	1.13081948016378	0.683333016108691	3.20334114573882	0.182170255052557	3.3751435508567	0.534068822231706
TMEM127	4.92611404461526	4.17076884349571	4.82970435376124	3.4359731651531	5.25522885893391	4.29437746031495	5.06048917991929	5.533575009209	3.63441930000296	4.7095743448837	3.55905430323092	3.53681123933296	4.06877775883886	3.45024859587171	4.02286953274865	2.68302917661043	3.93894145260961	2.24949664068778	5.71574617523825	3.94319656584792	3.5173943835713	4.64823894294651	3.96264960612508	2.61994314272753	4.39293956908229	4.5046388139809	3.76787737654761	3.40023925118547	5.3051819157748	5.23726793323916	3.36511027234997	2.98552242995173	5.4915293635386	4.0798253622387	3.42427300914163	4.08746284125034	3.78556318682037	4.09875124174074	5.14499412084282	2.71181940604395	3.85876065205382	4.9747315790422	3.64364011781595	3.59816436820273	2.80072862030896	2.8977735671222	2.98479186230003	3.84295211901354	5.0086673260264	4.00626874892786
FAM174B	2.78846884172801	2.15450212191286	1.50169451854875	1.87756407368631	1.2927533018402	4.75946978930944	1.83669500795484	2.38269398132298	1.82315860028164	0.563441129700655	0.828368630212408	2.44535438355904	1.33799370657359	1.74860642447408	4.53511230643977	2.5600178319478	1.54785273301336	2.04443635838411	1.75052365501232	3.1162691152133	5.16487778544231	1.51706263473208	4.97745249229547	1.9231859343417	1.99027089424394	3.68828308672457	2.3082589991178	1.55669300767564	2.34961211719015	1.47282679039061	2.46133115155278	2.92218175767708	1.50268481659118	2.84186862062592	2.05854238140442	1.51027702987395	1.08064118679426	2.87627847957369	1.55611244866707	1.70377587643795	1.27865998809862	0.663735124860762	1.05238901042425	1.17383812070729	1.60870069655618	1.47131942943341	2.80172350831596	4.56674457465147	3.28169645844187	1.16949127590708
BAG2	0.643398915407218	0.0666341680526139	0.131726260260688	2.31145327199752	1.0953047721673	1.62769705590758	2.75150718958301	2.59969727326018	1.16562070308253	1.14429863864594	2.78662666392588	1.14804594149522	4.29118160135638	1.80007331935837	0.61242658028183	0.546493375990576	0.584660455650415	0.481588477959731	0.997532415704806	0.422102966068154	1.12167215074567	1.98937159925195	0.986696724093164	0.350169231385366	1.24407813033504	1.88219882038067	2.66834718478779	1.50622219031254	1.3265901467288	1.71214383246593	0.46307651567384	1.73379969367744	0.900034889017461	2.19384029463287	0.403610230020729	1.40342581291184	1.26239538971874	0.951739141960123	0.934593989499477	2.10374493788848	2.22599465801664	1.38435686118408	1.29334347022602	4.85749604985672	1.85836547030647	0.806687683120634	1.49908943581666	0.59182277794734	1.12872534587467	3.67502496048459
AC084121.9	0.00316766118067508	0	0.000104539331293868	0.00111469585679834	0.00174133399642517	0.000139384091784162	0.000139384091784162	0.00101022969963006	0.000661954533568181	0.000348434983190721	0.000731616293161134	0.00386291915942761	0.000243913324001203	0.00374127319747698	3.48472854424441e-05	3.48472854424441e-05	0.000174228010705049	0.000174228010705049	0.00375865182003414	0.000174228010705049	0.00427991317660622	0.00528715140435753	3.48472854424441e-05	0	3.48472854424441e-05	6.96937291935136e-05	3.48472854424441e-05	3.48472854424441e-05	3.48472854424441e-05	0.00101022969963006	3.48472854424441e-05	0.00165431719607989	0.00247206798435064	3.48472854424441e-05	0.000452949070450592	3.48472854424441e-05	0.00121915445007577	0.00400193055749626	0.00316766118067508	0.001184335759348	0.00466205184144024	0.00466205184144024	0.00151507939781377	0.000487785417075723	0.00243727951927403	0.00132360548055759	0.00299379432086655	0.000452949070450592	0.0120072009608732	0.00170652790609936
SEZ6L2	0.00316766118067508	3.79329402482278	0.837055936561803	0.00111469585679834	1.40847558604677	0.199632518336593	2.10787381956802	0.331070978995311	0.265993424268123	1.59221579152564	4.59397292832412	0.214560335934537	2.29746081416641	0.00374127319747698	1.98161443411191	4.3279771541408	0.167010339733882	2.98013571333388	0.00375865182003414	2.24649988544881	1.15318655872636	0.349444599077834	0.446307381579151	0.127074970464514	0.360791750790972	1.10608608813042	2.15634815105075	1.40638680808319	2.89712816013958	0.00101022969963006	5.50665570469757	0.199708377388823	2.8462873885096	0.100278899810324	0.108092078418517	3.44413503554407	0.11968496717957	0.00400193055749626	0.00316766118067508	0.150967745148539	0.607666242266435	2.7209604518314	0.175567027114561	0.435499761289517	0.00243727951927403	0.10475801240148	0.00299379432086655	0.642718312027368	0.0120072009608732	0.368005748577101
BIRC7	0.00316766118067508	0.833501247932682	0.385677784537982	0.171658600824567	3.30370663975907	0.000139384091784162	0.000139384091784162	0.230865353929238	0.198995144771603	0.000348434983190721	1.14145806556288	0.00386291915942761	0.000243913324001203	0.00374127319747698	1.06033148567422	0.0194182924081646	0.000174228010705049	0.0315724926927938	0.00375865182003414	0.0590107725955902	0.222228129938212	0.00528715140435753	0.0508759935909751	0.104304242979563	0.535211503400179	0.0102436205568117	1.11163618047281	0.574025432165575	0.244931169469826	0.00101022969963006	3.48472854424441e-05	0.558989256635892	2.78707606938938	2.41965938789593	0.000452949070450592	2.76449919293278	0.222571626981159	0.401356090650367	0.00316766118067508	0.194967114679023	0.00466205184144024	0.251605673040631	0.00151507939781377	0.000487785417075723	0.675805024180711	0.00132360548055759	0.841710643707519	0.182170255052557	0.0120072009608732	0.00170652790609936
AC107959.5	0.00316766118067508	0.00736886266096313	0.000104539331293868	0.856307334799627	0.00174133399642517	0.000139384091784162	0.000139384091784162	0.00101022969963006	0.000661954533568181	0.000348434983190721	0.765575743082006	0.00386291915942761	0.0531281304371413	0.00374127319747698	3.48472854424441e-05	3.48472854424441e-05	0.000174228010705049	0.000174228010705049	0.00375865182003414	0.325978676269906	0.17035859662338	0.00528715140435753	3.48472854424441e-05	0	3.48472854424441e-05	6.96937291935136e-05	0.80831042837013	0.00982834696881012	3.48472854424441e-05	0.00101022969963006	3.48472854424441e-05	0.00165431719607989	0.00247206798435064	3.48472854424441e-05	0.000452949070450592	0.0130781286890727	0.00121915445007577	0.00400193055749626	0.00316766118067508	0.001184335759348	0.00466205184144024	0.00466205184144024	0.00151507939781377	0.000487785417075723	0.00243727951927403	0.16489818436748	0.00299379432086655	0.000452949070450592	0.963831492081962	0.00170652790609936
ARMCX1	0.643398915407218	3.86173844842863	2.01749162524156	0.00111469585679834	3.66833622118476	2.97895606445012	4.19098695366292	3.8081338069149	2.82185807608377	2.59456297319775	0.000731616293161134	2.61615707573691	3.84606204596844	1.07750722274509	3.01839077007115	3.75959329406242	2.3331748000621	3.79742908467516	1.37406168491756	1.89626716811391	4.08848945829839	2.14154494373886	3.45609505541429	2.36630362868274	1.86217584172471	3.20957956531574	0.696703499211896	0.93795387078725	0.46890437125758	1.34085120428963	3.52452222100734	0.971582427362362	3.33820390824401	0.440939362721601	0.843129385450991	3.06703548937498	0.373194262417793	2.16808852053061	2.07376229057369	0.643778128800796	0.00466205184144024	3.33168029539714	0.641166228453587	4.47794006910822	1.13644186215831	1.91851529425239	0.841710643707519	2.37668766765473	0.0120072009608732	5.49910137881108
MCRIP1	4.42213953948824	4.28624903760741	3.23693253825717	4.38553607669479	5.34808236509652	5.30201257759589	5.50787122653134	5.86866302918234	5.43264880979506	4.07494758367997	5.33156433738724	5.18658294730399	5.89071102227036	4.19288980787121	6.39377987010424	5.77460755887911	4.52173963418644	5.0324565185715	3.50423962713178	4.49544799459919	5.14695955655823	6.14635357849518	5.36675806152918	5.89173968439145	5.02177259866128	5.75901813503657	4.68028222366656	5.6389909219998	4.4751491241425	4.68055538787931	5.44610036590318	3.84720051349409	5.5686813130708	5.26290916645346	3.92602005191898	5.64852136778781	5.13351527976217	5.61409169830328	4.12552053663396	4.70933193019717	4.39748800869848	4.58018700387733	5.12578604636681	5.83897733632117	4.03345279468864	4.27491704545107	4.06432804672721	4.74970137152707	3.73133018224798	5.48413813120167
BCL2L13	4.82416274843964	3.62118974455719	4.60566810384805	3.44525201076194	4.41921969029602	4.45021193107875	4.31796045987318	6.19863697281691	3.50631726032074	4.61231616892031	2.94736349428936	4.8649636521572	4.4248288010647	3.97099588286536	3.98363914583538	4.23267373194172	4.01999407277791	4.07142816217183	4.07602240012334	3.99910239238649	2.96420216795194	1.41891345132586	3.87644458015144	3.69559042678647	4.12633687310543	3.4489871104835	3.99161988187126	4.57105533772036	4.0193957291703	4.45043828144124	4.89453719735077	3.56585468448462	4.59884042766382	4.72462786569638	3.42780371595613	3.44413503554407	3.76243740878738	4.37223882183569	4.78747486260952	3.89830768024413	2.96440086459776	4.67299714099922	4.03465677427134	4.95969008836889	3.46974915794374	4.30032094556786	3.64382831134033	4.09540262899401	3.76301377335167	4.91714055969595
SAFB	4.56439142418281	5.46631817016399	5.13804692681775	5.83348719246522	4.85613769620439	4.52763338729093	4.35668650200438	4.31593580107718	5.9271303792964	4.15670183395748	5.14727228330997	5.69056149979149	4.54057450692307	5.5686813130708	4.91714055969595	4.61971849821619	5.56660781731595	4.90137703980316	5.13505765722313	2.7016320890575	4.17840673239454	5.35348098375927	4.91741215198071	5.15734888829778	5.32649548999077	5.81328487451753	4.31883902572757	5.4694188533317	4.20578498742789	4.65245046900658	5.04275006079886	5.668354379607	4.80659055919078	5.45542967487991	6.22689427882774	5.11959876725616	5.38419416387322	5.76289826215641	5.31742091601584	5.58173984719152	6.75215420959981	4.16384094595069	5.72425613831736	4.43280613375948	5.81726485005855	5.24720791228251	5.8329425904478	6.36342885599694	5.41144098387283	4.25254751670403
SRARP	0.00316766118067508	0	0.0111948385880813	0.171658600824567	0.00174133399642517	0.136204069654977	0.000139384091784162	0.270593941819394	0.0820410222795072	0.000348434983190721	3.01957729950683	0.00386291915942761	0.000243913324001203	0.00374127319747698	0.0128018363384544	0.106571664198044	0.000174228010705049	0.000174228010705049	0.00375865182003414	0.000174228010705049	0.0168717925335376	0.00528715140435753	0.0386465419558514	0.00135842081028621	0.00201975249314262	6.96937291935136e-05	0.00499199925074324	0.00438414285124502	3.48472854424441e-05	0.00101022969963006	0.25222022716128	0.00165431719607989	0.00247206798435064	3.48472854424441e-05	0.000452949070450592	3.48472854424441e-05	0.00121915445007577	0.00400193055749626	0.00316766118067508	0.0980666758892709	0.00466205184144024	0.00466205184144024	0.00151507939781377	0.000487785417075723	0.00243727951927403	0.00132360548055759	0.00299379432086655	0.108237565976897	0.0120072009608732	0.00170652790609936
CD72	1.19799298847165	0.216556086776115	0.309609257804728	2.64209600422445	2.12050260795251	0.168840443018661	0.726704875405222	1.0573205031171	1.4782653018796	0.58923083235796	0.291828456251692	2.2670435762013	1.14990024496076	1.16310197393182	1.05644111484543	0.0728763049611302	1.80840992389371	0.517792989982683	2.75794054236044	1.35657934080696	0.570697576632064	0.235238665371432	1.09242317699525	3.45064706613232	0.514235110473162	0.349444599077834	0.295666245082456	0.250112093671802	0.830074998557688	1.2642970824656	0.111966734513245	3.65731137213503	2.41468789086811	1.30355135263326	5.34577226610701	0.848848487994168	2.0291711744366	2.23835119748479	2.11784759368696	6.56050341634257	3.07966049316847	1.865163344138	1.63226821549951	0.265993424268123	2.57661560736548	1.51624054288048	3.6359310019875	2.58568250695464	1.12872534587467	0.957080165170336
PSKH2	0.00316766118067508	0.00167172097603048	0.000104539331293868	0.00111469585679834	0.00174133399642517	0.000139384091784162	0.000139384091784162	0.00101022969963006	0.000661954533568181	0.000348434983190721	0.000731616293161134	0.570310390914298	0.000243913324001203	0.00374127319747698	3.48472854424441e-05	3.48472854424441e-05	0.0567510556887906	0.0315724926927938	0.00375865182003414	0.000174228010705049	3.48472854424441e-05	0.00528715140435753	3.48472854424441e-05	3.48472854424441e-05	0.00650184798271614	6.96937291935136e-05	3.48472854424441e-05	3.48472854424441e-05	3.48472854424441e-05	0.00101022969963006	3.48472854424441e-05	0.00165431719607989	0.00247206798435064	3.48472854424441e-05	0.000452949070450592	0.102714925110593	0.00121915445007577	0.00400193055749626	0.00316766118067508	0.001184335759348	0.00466205184144024	0.00466205184144024	0.00151507939781377	0.000487785417075723	0.00243727951927403	0.00132360548055759	0.00299379432086655	0.000452949070450592	0.0120072009608732	0.00170652790609936
TULP1	0.00316766118067508	0.0763178343187321	0.0251315359130789	0.00111469585679834	0.154102881312649	0.000139384091784162	0.000139384091784162	0.00101022969963006	0.000661954533568181	0.048788790040944	0.131153623354098	0.00386291915942761	0.000243913324001203	0.00374127319747698	3.48472854424441e-05	0.0278515209660404	0.000174228010705049	0.14625222939864	0.00375865182003414	0.000174228010705049	3.48472854424441e-05	0.00528715140435753	3.48472854424441e-05	0.0484181641307171	0.0393927343058486	0.0269625302979359	0.0338889810955721	0.150496886549002	0.00495727149778945	0.00101022969963006	0.00740353241262331	0.00165431719607989	0.00247206798435064	0.144251341562905	0.000452949070450592	0.530997142732665	0.00121915445007577	0.00400193055749626	0.00316766118067508	0.001184335759348	0.00466205184144024	0.00466205184144024	0.00151507939781377	0.000487785417075723	0.318858232920503	0.00132360548055759	0.00299379432086655	0.000452949070450592	0.0120072009608732	0.00170652790609936
KANK1	1.16513129445878	4.23316484829335	6.12520056243036	0.328950214200371	1.19434290419471	5.12546812762292	3.24490911446526	6.57214017487489	1.97333619419853	5.36454790336203	5.02148562833387	2.59949029678225	2.72656272784816	2.40107902353908	4.22991852940506	3.97099588286536	1.45122226305525	3.2412912093374	0.396943084822297	2.66871715754109	3.85372088806008	4.98131329525433	3.48422532568699	2.66987031550992	4.27194923499384	1.69528377772948	2.79642621368985	5.20382674698312	2.32373207773035	2.12808774343758	4.16758249643437	5.21091340475877	2.72734699721217	6.41178524051251	5.0894083881829	5.49873803637971	1.42703606049363	3.03695558225271	1.23061292814142	4.27113909959145	1.40871186102943	3.00690940977889	2.98799305471521	5.52738860917048	3.42348723281509	3.35242795244655	5.02260475797259	3.65459936447035	0.524882534077888	4.39954429585891
PRAMEF9	0.00316766118067508	0	0.000104539331293868	0.00111469585679834	0.00174133399642517	0.000139384091784162	0.000139384091784162	0.00101022969963006	0.000661954533568181	0.000348434983190721	0.000731616293161134	0.00386291915942761	0.000243913324001203	0.00374127319747698	3.48472854424441e-05	3.48472854424441e-05	0.000174228010705049	0.000174228010705049	0.00375865182003414	0.000174228010705049	3.48472854424441e-05	0.00528715140435753	3.48472854424441e-05	0.00261121345653783	0.00201975249314262	6.96937291935136e-05	3.48472854424441e-05	3.48472854424441e-05	3.48472854424441e-05	0.00101022969963006	3.48472854424441e-05	0.00165431719607989	0.00247206798435064	3.48472854424441e-05	0.000452949070450592	3.48472854424441e-05	0.00121915445007577	0.00400193055749626	0.00316766118067508	0.001184335759348	0.00466205184144024	0.00466205184144024	0.00151507939781377	0.000487785417075723	0.00243727951927403	0.00132360548055759	0.00299379432086655	0.000452949070450592	0.0120072009608732	0.00170652790609936
RMDN1	4.90166327372562	4.66161770336353	3.27376452305747	4.57729089020634	4.30262810799018	5.20792160825523	4.60985714956626	5.23077162744988	3.67672637418722	4.88707076622912	4.93522855005301	5.07134213943806	4.79713707044602	4.55440199655658	3.90673261069006	3.91508437239114	4.17675059585912	5.50244153382628	4.93211345108762	5.98466584598407	5.74930365846893	1.48222475467168	5.17581770088614	4.5539354946232	2.91210136048236	3.45024859587171	4.50095904389867	4.69074569546149	5.13038378441786	5.0627086461728	3.8656487075942	4.6182294328424	4.42962728359789	3.96559470068377	5.4179348427903	4.1248735263854	4.09217597347882	4.97157576342334	4.49107307127107	5.74700883851157	3.98179971909388	4.91106105952174	3.87103649841501	4.46690921545552	4.55103520263273	4.22091966541959	5.02003273635976	3.87719891067171	4.35582218177458	5.1974194723248
KPNA2	4.42080360186029	3.89336924594987	3.19796640666937	6.7967403126425	4.37867244985675	3.0463906723623	5.72332706021733	4.021400330821	4.70984801141518	6.93445524900346	6.63917168191341	5.16294537994596	5.96327976790645	3.86007994306677	3.33953332724468	3.91508437239114	5.63134930646564	8.03431227496451	4.38310654092839	3.55658787273	4.07179706898064	2.40012867499057	2.5616419599575	3.80032597062997	3.74260511288077	4.74682033186762	8.14174916089249	6.91650491465094	4.67173505561471	4.78375398069099	4.19747075622866	4.18348843232858	4.80452201091449	5.64900167568117	3.25196419475781	6.50478771309633	4.01339321006738	5.7363182617145	3.94021101887679	6.33439010542083	5.3145713136399	5.1816758679323	3.73307133900291	2.75207371167057	3.92192658085384	5.37518679183177	4.35582218177458	3.36992834834426	1.96661592935916	4.47794006910822
ACAP2	6.82233944363767	3.37363140095875	4.18912743635334	3.20592283809516	3.81498131155364	4.72597424591279	3.9486279309487	3.21924897198382	4.63592119084858	2.84227685008286	2.51508273053632	5.87180080233255	4.8511636018665	5.70523001761666	2.83550183787888	5.50946712617123	6.07968367901997	4.57729089020634	6.00757334798905	3.76954562020992	3.97388630440015	3.14214505005376	2.67245267324696	3.08889498586792	3.3278018989032	3.50057269258949	2.69425037478185	2.94086126720217	3.61948389515899	5.63991790714878	5.86426929815787	5.30953105464093	3.34488165934939	2.35549026772672	6.94450115600845	3.14365999715758	4.1945732084048	6.29454039716564	6.57398812423691	6.77209698349841	5.61675445279004	5.75357010929106	4.04793262648988	6.87884911541275	4.04410897358405	5.44610036590318	5.12299725409573	3.66426571292259	7.0602453209405	5.21610662723733
TMEM192	2.21343745087797	3.74533867536705	1.77874693903696	2.65139145964579	3.83662427487629	2.89084140703092	4.24927402384088	3.4551564465086	2.49448363448487	3.35907769712606	3.02482328969564	3.31449337899602	2.45266800574055	2.61847700783726	3.3206381532451	2.62303217503998	2.0610039159905	2.38640444368538	2.55726149210977	3.4034126393591	3.37403479592954	2.74564006446418	3.62546815325944	1.74317253842345	2.03298241669943	2.68387000442799	2.57826201317057	3.20880335658849	2.32781231070026	3.21263324369295	2.6702316860053	2.54468786384101	3.87470907193753	3.14233055872849	2.19150772332298	2.26597531149522	2.29483914091508	2.81952009782447	3.06347376330963	2.06945975631227	2.19245340282541	4.1358681209498	2.07696220809867	2.70247285478528	2.48821505899501	2.97912622316014	2.17003341245522	0.894524895715763	2.6558440376325	2.64410428411049
NLRP1	4.08848945829839	1.94014858869746	4.77744639901865	3.49196925067464	3.61929958805552	3.21208432161261	3.39891342900215	1.99713092519511	3.49807507635284	2.25962183166256	1.37474046583138	3.05045963563104	3.3461998020081	5.83042411399562	4.03485237923539	7.11156083781824	4.44516882751504	4.53771396892757	6.82476631610532	0.507252292642284	2.96017993828448	4.60861642485853	3.35784095665867	5.62267186923003	2.89150841675773	2.26509838132004	1.25113726555571	0.791033875476679	0.874982238329699	3.87527197571166	6.74903154402837	5.23864380709049	2.91061448997409	1.41803998744037	6.70529580690045	1.66789760872985	6.74570046461896	1.57420098593711	5.78243262382632	2.9294388191218	5.16230812973976	1.865163344138	6.95499365283688	3.7328773984367	8.01482801005289	1.56344112970066	5.48096440472339	4.67511567137837	5.71475188212412	3.8916070328713
AC008581.2	2.30378427705444	0	0.000104539331293868	0.00111469585679834	0.00174133399642517	0.158293310744168	1.37721094960902	1.46768902465939	0.1444089924767	0.962329950792695	1.77601241455186	1.10514684405622	0.892339398758112	1.07750722274509	0.0464117628225309	0.80609985887198	0.83322744722461	0.000174228010705049	1.43204275051583	0.000174228010705049	0.0419336751875705	0.00528715140435753	0.710590178741909	0	0.0244121922635707	0.451884809583949	1.55611244866707	0.773507151573931	3.48472854424441e-05	0.989244336640448	0.216616066614019	1.89736203660531	1.16154500501744	0.741641540051985	1.2499802329903	0.00476625391254931	0.00121915445007577	0.00400193055749626	1.6075976334365	1.34243244353243	1.44345290340269	1.60558938033125	0.460369034117395	0.000487785417075723	0.244445881467765	1.42897222955588	2.03391025510823	0.000452949070450592	3.11281091600136	1.50549208923287
RPL23	8.18565507412293	10.326135205684	9.71433520623657	10.0183607650427	10.3446377234185	9.65910943737633	10.1852905217247	8.50661651743975	9.8675057915856	9.98596874408929	10.4249102502032	9.98596874408929	9.53900784332046	10.1530342101799	9.76526859968317	8.54096938052953	9.90150460600367	10.3446377234185	9.65910943737633	7.9755557298383	9.98596874408929	9.13261303843312	9.8323547427572	10.584532239819	8.97636287468434	9.78293108300286	10.1374895709876	10.0544672143111	9.62311560889219	9.52097238055546	7.92645528978675	9.07612983773984	9.62311560889219	9.96780943098304	9.11777201018681	10.1852905217247	9.90150460600367	9.48458791452802	10.2395125747778	9.91749903197712	9.90150460600367	9.78293108300286	9.96780943098304	10.1683457964941	10.1683457964941	10.1530342101799	9.27451309211073	8.47281050831659	5.66247797968069	9.58903144338188
C6orf163	3.5735659653561	0.337607682765614	0.286681188075614	1.32964361757856	1.08455730844895	1.36587102430242	0.311660356822662	0.290903017406791	1.08089655219068	0.358727847886364	0.828368630212408	2.32551295106072	0.360913863029472	1.4519739753077	0.277452952336628	0.729607937271976	1.40397240929624	0.882241358864457	0.611206599971683	0.209521175788107	0.503533102784896	0.00528715140435753	0.245798398979361	0.230137653868995	1.00461863209043	0.331431060699987	0.418431156056137	0.625575445170979	0.255581008353588	1.04594770146135	0.534068822231706	2.46702739546255	0.497942447781714	0.354250446809822	2.50609951007633	0.411557246193361	1.23490557432409	2.16808852053061	1.42897222955588	2.61615707573691	1.52852300235105	1.28850122742731	1.50849601910826	0.291700353967458	2.10970374628074	2.15791073552658	2.07321585907808	0.253989266230787	3.17656175260167	1.27812844202507
INKA1	0.770078284740878	0.394612226497884	3.51362500370839	2.65216222932327	1.67380765516899	0.871253211368436	1.76783900342668	0.955903961083189	4.28228400263452	3.98508237326238	0.571084658466088	3.76131097203119	2.40012867499057	0.684981314891531	0.269669229893726	0.68671433415862	1.8377190294357	0.235623474826847	0.785080448080124	0.786010397412113	1.42678332502768	0.349444599077834	1.0449009060646	1.11191836548175	1.11110390995026	1.04438567140492	0.518887830067943	0.0300716039727776	0.316481584706766	4.63800246059495	0.471319429433412	1.69279589835975	2.39214483333882	0.119845325426746	0.59182277794734	0.998012312090719	0.667897608729853	2.52953730961041	1.09651935755966	2.3371388006674	2.47282051298625	1.57044533106702	0.84620500929668	0.316999188638613	0.731812881978864	3.00705679739824	1.73572622601097	0.799447754555801	0.764837623836299	2.50015544012375
ARHGAP10	1.51075404079018	1.95324274193414	3.7870684962997	2.99369186206192	4.05017778982875	3.80772326506973	3.22105888043759	4.12552053663396	0.897212360034994	3.19958700099057	1.28148681921628	3.04510357091115	3.33837618185784	2.55557907635654	3.11054925258918	2.26597531149522	2.60574396062749	2.84885574363067	1.93467603098933	0.490247660116516	1.34811744186399	4.63618606818308	1.97531826869393	2.55469561516772	1.5221916391086	3.43295295398273	2.15889819715333	4.14203550979516	0.677832307237116	2.19697493544441	1.13755104256685	2.213873188981	4.49325252078418	4.11673922448966	1.39493029264818	3.1592337021859	2.44115433906993	3.15277519909025	2.51101999761884	2.52320737495298	0.607666242266435	4.63515641754112	2.45322489877814	6.00168096664874	1.5631876120866	3.33263875539387	2.25031718633543	3.80130613884716	1.12872534587467	4.20804181412371
ZFP1	2.42797856767333	1.36682393396601	1.01178255074533	2.05060684662114	1.98445285889082	2.3414839079725	2.23020449877513	1.93422474504936	2.70085247038169	2.22488436806707	2.82691073514274	2.15407156365142	2.17588325453397	3.16149826997956	2.00726051431676	4.17404566029637	1.52333163978867	3.51167245407719	1.07641698748134	1.36924729903735	2.85388478576005	1.81786049898306	2.57375620821892	2.25545694479008	2.70988462951916	2.6594337398167	2.75129759764663	1.57764920926125	0.919160420158991	2.8563121469511	4.22007754866203	2.35357218188048	2.036312200203	1.35012822417871	2.23588242341114	2.16130352435746	2.62967760566329	2.16808852053061	2.28867240708738	3.10627629156082	3.00215024266966	2.32154471918423	2.68596451726555	1.86124577281223	2.22340762578652	3.05083814783224	2.01795632507444	0.701415124107279	2.40440032215937	2.73508258971239
LEAP2	1.0221833764555	0.574306307947092	0.0291156793520478	1.65867788358054	1.8286825965723	0.222392421336448	0.158199628234094	0.169212383477273	0.715500816344302	0.531262408304945	3.40042242593361	1.78798959719067	0.576901819875772	1.22752828380184	0.277452952336628	0.0590943978798366	0.556100598091128	1.0075595359856	0.71475785390789	6.71596464215901	0.685653106927036	0.301856224611878	0.439629561083149	0.839482542815402	0.443170989373289	0.742027046415116	0.731991230146003	0.518243191486	1.83838181767823	0.449398689649595	0.275870781609899	2.30935969580997	0.88968985485491	0.552232112562355	1.2775104531354	0.38421001723851	1.48166334861014	1.2857238541419	1.18227774982667	1.95952826139379	0.917464042777862	0.720458244928806	1.45370524520832	0.14339972881181	2.07225496249884	1.56344112970066	2.37978434327948	0.120149956999667	0.963831492081962	0.301092766716422
GALNT12	2.30378427705444	4.1346882123055	0.641166228453587	1.91473089552213	2.00361961697765	4.13528423635785	0.498608551850662	0.148014492073639	1.94655457692638	0.66546088285745	0.0743333386608267	0.49659696672833	0.974600247546691	2.86385707299056	4.31905552837059	0.175752144259527	0.92181162159279	3.74362397683998	0.00375865182003414	4.62392424296642	3.63702942754963	0.428331444555885	3.56585468448462	1.59046953016579	0.553502974145554	0.546815444742748	1.18106412939732	1.6605915833674	5.26153263211955	1.38271402743147	0.318299373707282	1.04899933053418	4.54430558141524	1.52714530087205	1.87648254331284	1.22595741381702	2.80444718854284	1.96738249064201	0.362093748772862	1.48603653317661	2.07487934714666	5.77949383836767	3.05006419460984	2.91898995064176	3.39107564640244	1.15391496514693	1.55179239513522	3.59034078985331	2.12971307310104	1.87623576490538
AC093827.5	0.770078284740878	0.362513934765427	0.000104539331293868	0.73342770234077	1.31195513817797	0.189201939493359	0.820418250712062	0.449998300276143	0.225793527915275	0.73376302273703	1.03924013544726	0.688575010973825	0.779041429806129	0.660475840818921	0.830280803143027	0.355898766481011	0.499446912321198	0.000174228010705049	1.28356394861129	1.29760967020883	0.364910719877046	0.941278724190466	0.747319934161368	0.127074970464514	2.44451599246106	0.219297614913582	0.776693989155758	0.21839932713456	0.616648633504506	0.778462546071011	0.258511641995678	1.41107248503789	1.1827920782466	0.321258863730336	0.108092078418517	0.501060617105375	0.678518322274448	0.894524895715763	0.624163070866435	0.0980666758892709	0.784635477715319	1.05152342278692	0.772079447310074	0.112675960727465	1.01440704606806	0.903112808735553	1.24272399836297	0.000452949070450592	1.12872534587467	0.57841954925527
PIK3R2	1.56871361897496	5.03581832133392	3.76091644702744	2.18706465559825	2.77117620485061	3.03057918141996	4.2770413953483	3.76131097203119	3.93264983683368	3.81746383898353	3.84526458381848	2.18425729244968	1.27653982004917	1.68659525570196	3.62921018188201	3.78877900463989	1.7457725518162	3.59686890142481	2.82996718443789	2.90209222679226	4.32773248500252	4.08607646654539	3.21714827843114	2.75392693454741	2.95587252262688	2.99120907283715	2.45668554192707	3.26616367321892	3.4090432371252	3.16034889062846	3.55886950409831	1.79011723584353	3.21358396371919	2.99293040222068	1.76806922684389	4.66945887262147	2.31678937158839	2.1382636370662	2.04168824620299	1.79524694878488	2.53642536212058	2.7209604518314	2.34626148009684	1.88196719996251	2.68084616259273	2.31126020004744	1.64634078140115	4.5503162822899	1.67685716909138	4.36282221922495
ZNF608	1.58723742297739	4.12280074145618	1.4933329773784	0.873442329262779	0.00174133399642517	3.21208432161261	0.929004194561843	2.72920070393026	2.04214521839278	1.85109115983951	0.891813635253427	0.784433173080365	0.95542781965425	0.313021462788711	3.1393239593743	3.66079686576134	1.03380388190774	6.25819344246552	0.971982207384564	2.35401871375225	4.73443801159708	2.73033016526907	3.66852944248268	2.69986059387792	0.791255393270119	0.957708278283561	0.551186078376312	1.16467280880343	1.85746179105255	0.46739290433998	3.91858558089777	4.0802230313321	0.137471843669105	1.52112358740927	4.30157704381383	3.19927972133662	0.00121915445007577	0.00400193055749626	0.210319589035873	5.27698657212877	2.29222336670474	0.251605673040631	0.00151507939781377	3.0935422133153	0.00243727951927403	2.95199135192508	4.28468095913814	4.26058572956846	3.53430946191216	3.70634769392741
CCNB2	3.71748768680139	2.93548935666367	1.5151802663601	5.28653834273941	1.56812612587291	0.302915913008239	3.39017020261537	0.12543069144936	2.5032719083726	5.15642827466452	5.24436682288449	3.85296141307021	4.0637134304394	1.16310197393182	0.696703499211896	0.106571664198044	4.343367480793	7.25436728144083	1.93467603098933	2.02613288151775	1.20281516917705	0.00528715140435753	0.485128101619762	3.15731910575279	2.49169511141121	0.235505082849193	5.79404473763774	5.50665570469757	3.36771207363196	1.86217584172471	0.0937789783438385	2.36787748411502	2.64209600422445	4.15412049719834	0.650187347890258	4.70908947477108	0.761521683856354	4.48774684474641	0.624163070866435	5.96270632078321	1.72893528356101	2.87241242993975	0.91051948199253	0.435499761289517	0.624875080340757	3.22729759963736	2.07321585907808	0.401830939080927	2.00680536239296	2.18350569303654
CEBPA	5.5224259282105	6.44278286701923	7.649815194788	0.328950214200371	6.08627753244843	3.36941421957414	0.261087429059803	0.732903608144895	2.49022905385972	0.86690320120499	4.94712177041723	6.14978417539253	0.0531281304371413	1.66279993519597	0.923870304091998	1.74263114645983	4.39403721024686	0.656678749874998	5.44500284660832	5.17235261735019	3.02541403710133	2.73806810269444	2.79539001739129	2.08585074694345	5.3616124176754	1.16541097685853	1.62739818790751	5.3323351966254	4.30483373498207	5.27129250089479	1.01773259939501	1.08115187239394	6.06967197133274	5.21909087113436	2.41941512799603	6.05251869878276	1.91786987973758	5.39860697919964	5.18721243652555	0.782449084947061	1.20581709081463	5.72139247418512	1.10382601003385	0.653015695016685	0.00243727951927403	7.73928148798666	0.841710643707519	5.1064755735726	4.45321217219473	0.534068822231706
RAB43	4.15474474359449	1.51413751072743	1.31752359780182	2.4084558947181	2.83843054009227	3.14982564740982	3.1037550721558	1.89858225663477	2.54710763010599	3.25288569884032	2.88161497112331	1.34506171082671	2.15839479326567	3.43312879590395	3.37569425165499	0.540516108856279	2.59894396624181	1.28195980814164	3.30148514970848	1.84080619670241	1.53703791283751	4.72306913330666	3.00894116445762	3.32005904765371	1.00854716706695	3.04658469296766	1.25929796294259	1.39871519397691	2.80206581109974	1.20635330059004	0.392835067252016	2.97375545042276	3.10059784709088	1.31417108767805	3.6510724956297	2.14261864193474	3.10627629156082	2.11760671628643	2.75742527940428	0.919777627730778	2.58308531179215	3.68296134655705	4.42413991185605	1.22312403762961	4.66309018392143	1.29192808349827	2.85006933983627	4.29506105016312	5.11524599776388	1.97505237660082
FBXL13	1.95952826139379	0.0362697226448709	0.143730971285494	0.328950214200371	0.231058355617519	0.887901953522027	0.40943357270126	0.189736720891565	1.08089655219068	0.33447431368373	0.60827214526922	1.50897974121303	0.479590492609909	1.11135394025888	0.477664814869644	0.706250248851349	1.64953215536844	1.45981805961916	0.705908471631509	0.155511472900698	0.463935774210788	0.493889861544533	0.356960322240329	0.122024429856594	0.0567845588189871	0.586599413927334	0.485862357751931	0.023349648054852	0.235623474826847	1.14935048827402	0.507362617137888	0.86779143968526	0.32543647434301	0.0406807036514359	1.75646124356815	0.145559322541249	0.272758915725615	1.08843005327473	0.685653106927036	1.29100270857909	1.03006307173331	0.94518425769711	0.414566978524261	0.744265114824278	0.92808876727895	2.09519875311421	0.683333016108691	0.506994836005326	4.14876123068818	0.534068822231706
BEND6	0.18753520629731	0.0331739918575162	0.413233002432096	1.13162288429899	0.354645670256442	0.595217654949264	2.02815912091907	0.148014492073639	0.170993268829804	0.33447431368373	0.542646855895865	2.69895122152918	3.65614259947328	0.176908588571851	0.595863393424883	4.70803525255573	0.692483263854483	0.618284059058586	0.00375865182003414	0.155511472900698	0.328450757326043	0.629657898080026	0.125478609577435	0.122024429856594	0.318299373707282	0.445898117272191	1.17131823674218	0.32635392750009	0.134903444069642	0.786333717589591	4.31329493222918	0.00165431719607989	0.137471843669105	0.908859308732764	0.000452949070450592	2.22206381982865	0.11968496717957	1.08843005327473	0.84620500929668	0.001184335759348	0.00466205184144024	0.00466205184144024	0.00151507939781377	0.466006000545185	0.00243727951927403	0.00132360548055759	0.00299379432086655	0.0456691929775224	1.27219633497513	3.55923464436111
ARFIP1	4.27064088403723	3.69764114724883	3.05914038972009	2.61803999864174	3.27356994407669	3.62082437516102	4.26653398586158	2.42047654369783	2.45343169002538	3.22995195732205	3.00874201438985	3.34585709793429	4.30973050826119	3.01938605910318	3.8736848313837	2.99176555404517	3.35014872792774	4.42189651204225	4.17100874515226	5.30411418895713	4.79852267276865	2.71385251476833	3.73734451320697	3.61629063690352	3.88603405450558	4.0473436533146	3.57876956786735	3.38978958047142	4.59548434538071	3.04307352625516	2.92411365937195	3.64382831134033	3.21565046309387	3.46649472105239	2.67077357208537	4.2283298105125	2.80637138373455	3.59686890142481	3.87644458015144	3.44452879598824	2.37916486983084	4.04754176057425	2.35596003131916	3.19872000072358	2.63616364658914	3.19009185898629	3.30334310047797	3.44284896334148	4.15121978753697	4.26803689559551
UFC1	4.57080975307819	5.86975222305278	5.35568431905722	5.90854317241506	6.36050381331249	5.26010477045314	5.69520508752884	4.55292706811998	6.04777566071979	5.69520508752884	5.53242312497238	6.1773087914596	5.25871736456301	6.48555633348013	6.35564006403378	5.83042411399562	5.59307874526244	5.70430196894414	4.696519390711	6.3020275936573	6.60419347174459	1.31982175654518	6.4926597887532	5.85191497333192	5.5232983014931	5.47819103643232	5.54066883726854	6.57398812423691	6.28302659910563	5.9688203653316	5.08318715513442	5.84693959311874	6.31712287897699	5.95405635071318	4.52763338729093	5.62312267933585	6.63917168191341	5.70715503346991	5.7034121120156	5.04698635922265	5.82577856206275	5.62182573388112	6.5102063056965	4.52506417041486	5.3993461475056	6.83619614378451	5.84578395383276	3.77320133386407	3.61512511210862	5.22012569621927
CCDC171	1.09176932349049	0.295935927605581	0.630400969187662	1.36350292186847	0.716116124075255	1.03857020507029	0.989244336640448	0.210635819272967	3.70477976474129	0.58923083235796	0.804564408535976	2.09738280296339	0.79028852045793	0.85825974984603	2.88334219660931	2.54920187986536	1.78637412751749	1.59250470380945	1.31326688646699	0.596485796203656	0.929004194561843	0.76522723383045	0.653447777301577	2.06529007251053	1.4953491155312	0.46829997449931	0.563134544621992	1.35764719521191	0.375130116503475	2.02838123566019	2.52387100695627	1.9366800401069	0.65331484268871	1.15777798164106	1.68334386633594	0.487541030875627	0.564996634318475	1.89783902706424	0.999198280034445	3.39540394869908	1.03006307173331	1.05152342278692	0.567597177454414	0.828839554133371	1.40571618160801	3.63650413701064	1.77852349214048	1.1945256279035	1.27219633497513	1.33388000057918
CASKIN2	0.00316766118067508	2.01441135874185	2.8720316805721	1.26509475653554	0.619282573905032	2.77919372903327	2.21035723912763	4.45805289166394	1.76055523997076	2.26359694140561	2.2479935391657	0.784433173080365	1.19931386675255	0.176908588571851	3.05784160175258	1.79618040394024	0.897408807349137	1.90360187290619	0.980228453803935	1.58985610250064	2.47052114660086	5.39146713713867	3.62158899598934	1.14172658120268	3.04718556949797	2.91547933231259	2.25937802714398	1.90562623158357	2.62603840296652	0.527894740299516	2.38169800730805	0.380386819003059	0.794473630760872	2.31126020004744	0.27943540672609	1.67973709969579	0.338200462561901	0.631728537183713	0.46829997449931	0.237974502169053	0.705192613234347	0.405203139174268	0.175567027114561	2.46319658990454	0.624875080340757	0.270463940013414	0.577590833406322	4.52667594752975	0.0120072009608732	1.87623576490538
DEC1	0.00316766118067508	0.118561960096475	0.000104539331293868	0.923870304091998	0.326659615612451	0.000139384091784162	0.121511995436293	0.00101022969963006	0.000661954533568181	0.153977606588516	0.131153623354098	0.634245310579519	0.279665080377915	0.00374127319747698	0.0171473066144185	0.00965528102159022	0.358021097465946	0.0315724926927938	0.00375865182003414	0.972470677015399	0.0289107559302563	0.00528715140435753	3.48472854424441e-05	0.00261121345653783	0.0154417182111585	0.0453821885976946	0.148627632169226	3.48472854424441e-05	0.0598300914403429	0.735836086443077	0.0211363593964332	0.00165431719607989	0.00247206798435064	0.119845325426746	0.0820574828512523	0.169336342324356	0.00121915445007577	0.00400193055749626	1.18227774982667	0.499446912321198	0.00466205184144024	0.00466205184144024	0.00151507939781377	0.000487785417075723	0.00243727951927403	0.00132360548055759	0.00299379432086655	0.000452949070450592	0.764837623836299	0.131312711962176
STK3	2.58592339655032	2.82496458048512	2.31126020004744	2.7092213649194	2.66291824267429	3.21959691992402	3.15513989478762	2.53952148143022	2.92239551973118	2.51020668799867	2.57314148700872	3.63325429334431	3.74260511288077	1.61430583863057	2.68366391133437	1.82289267932716	3.24301664267489	4.14876123068818	3.61473260162146	4.04060870939405	3.69888145248442	3.2422858412003	2.52194896950771	2.14426316597903	5.14264429039024	3.27737747906012	3.26580866331389	3.88467813690582	2.55163489616308	3.05734562062166	2.08747104068735	2.63616364658914	2.52044957980191	4.06119389385612	1.97039576105212	2.89499345533043	1.59578269191984	3.48158847795973	3.39362444923557	2.19827396614376	1.44345290340269	2.59072986872363	1.11949251375216	3.92719108463608	1.55320614407894	3.46299277378206	2.29460831908297	3.13693713735851	5.37857361063035	4.40619863677461
TIAF1	1.55110283853796	0.372871367375959	0.646752609500777	1.02879120382404	1.20337519516608	0.233713218400499	0.44047721556355	0.449998300276143	2.22797094525467	0.370339519483776	0.676339369819573	1.62866654087899	0.479590492609909	1.16310197393182	0.163592071333854	0.41035159297515	1.33144490820169	0.310635171823061	1.42125094941558	0.0976107966264223	0.225465700250338	0.710355921414972	0.23411324886385	0.165954648584197	1.13924485774636	0.390590598566376	0.430750696012994	0.541940945660705	0.338062628528712	1.87623576490538	0.975787891663468	1.69279589835975	0.753575599578873	0.376607145889842	1.3611377086259	0.330350545855784	1.67309754109243	1.53807025280348	1.31654454645656	2.07976766020726	1.07773837889162	0.821562338829823	1.82947701868581	0.466006000545185	1.8987738449477	1.67880678671825	1.96228523810713	0.525705769052398	2.29271774181681	0.761326391013199
GSN	9.53900784332046	6.05733463176723	8.63570848296965	2.49495971331094	7.39892767609539	9.29048821259709	6.41980470291524	10.2744184449045	3.69888145248442	7.66869215311307	6.04777566071979	6.7432854112715	6.57021834568903	2.39259617749722	8.73719499906766	6.08627753244843	6.71369747488939	5.21126713122943	4.67537549583009	5.79310424308007	6.03458022597861	10.7075914175274	7.42152030773385	7.01810500816772	6.91922117385132	7.34911826751866	4.10505369601794	4.34072222248305	7.93922331217185	6.44278286701923	6.46364105407348	3.45925578540445	8.56135178124492	5.80804362212882	4.27472712270384	5.42589110649208	2.36063570344358	6.97455743754521	5.14063542539039	4.7776979620705	4.91714055969595	9.79943375444036	1.77309938021992	9.50437407715394	1.91964407534502	3.46845109742836	3.84567427748947	9.65910943737633	6.07098452008217	9.41596124622492
HARBI1	2.56403642615429	0.734223961061837	0.494359951940249	1.89218920016441	2.02892783399387	0.709098800733262	1.56209048759649	0.899661361230247	1.71999288672145	1.84537126082902	1.62056941147061	2.11429056721937	2.20708554689508	2.19883575737257	0.443068461521002	0.53071976747474	1.90879434692439	1.26883069744298	2.48260825653855	2.37668766765473	0.803616399517552	0.00528715140435753	0.677832307237116	0.706730736119206	1.56737378543675	1.54349588342577	1.7445563288422	1.33615227172439	1.30120589708628	1.84080619670241	0.931098337481562	3.41147373477018	2.06739097097486	1.49659696672833	2.53952148143022	1.23645194674495	2.07933894428001	2.37872270449369	2.03342938583593	1.93351790260548	3.28820161414032	2.13239404950652	2.01295725729642	0.403820963569168	2.20224356717602	1.92270806098992	3.16389149336163	0.253989266230787	2.85048733477989	1.10691147022886
ENAH	0.488808067526157	2.86990000866269	3.72647585300135	0.131089982998505	0.468111048574065	2.98888004021369	5.5224259282105	4.69743566909188	0.571846788768287	4.37490087357209	4.41508323616837	0.570310390914298	4.28581854419974	0.00374127319747698	3.13351428702961	4.37116992999022	0.458163872474096	6.9940986844678	0.763657899522939	1.15693431857952	2.48800698253305	5.18230942086648	2.9915903075285	3.06774636500526	3.14999839375677	3.3408202497077	6.23721157754911	4.95969008836889	3.51918572605076	0.165255604441374	4.4488115952849	0.380386819003059	0.566020937067696	4.12075101482747	0.108092078418517	5.50708602381884	0.247531295642526	0.236866004365107	0.46829997449931	0.576644815325188	0.387437136443878	0.598719623263824	0.100408925049553	5.92834743436036	0.141931882976155	0.270463940013414	0.00299379432086655	2.57682297107534	0.0120072009608732	5.2597650930839
FPR1	8.93475913597107	0.0381545222625387	0.25330237644952	0.00111469585679834	4.04005804625775	0.322513417600131	0.000139384091784162	1.38412323879017	0.000661954533568181	0.898502810115799	0.000731616293161134	1.68659525570196	0.0868887648259598	2.52497335510489	1.09364835416766	0.20716856167776	6.98614570553738	0.000174228010705049	6.8339423977855	0.648676625790026	0.145244254830696	1.95685128456461	0.724871677385059	0.962473022074913	2.35859196123	0.163980919058122	0.219731586923034	0.335275557682489	1.78527255195474	3.83928778536289	0.164136428806999	0.122024429856594	3.18150591323176	1.57163577760541	4.74866475621798	0.12013392536254	1.57472751911494	2.0070047799578	7.13810630272617	0.001184335759348	0.607666242266435	1.80082864007043	0.748004821805401	2.64191456352167	0.00243727951927403	0.270463940013414	0.00299379432086655	2.5274414968495	10.5621401591728	0.131312711962176
GOLT1A	0.00316766118067508	5.82887633859176	0.000104539331293868	0.0885611507591704	0.00174133399642517	0.0319133861139325	0.000139384091784162	0.00101022969963006	0.353459674956166	0.39256963174919	4.48049773359845	0.00386291915942761	0.000243913324001203	0.660475840818921	4.22811134099856	0.439115588601933	0.0271848293262304	0.310635171823061	0.00375865182003414	6.10828959442397	1.5534911021154	0.00528715140435753	1.29363491012846	0.197537232650172	1.78034560573076	0.172648294548042	1.18106412939732	1.65108636509688	2.9765938690416	0.350005195564736	0.697004472726913	0.477664814869644	0.259763728756508	2.57682297107534	0.000452949070450592	0.390989279954567	0.294047090440368	0.00400193055749626	0.00316766118067508	0.387010823866361	0.00466205184144024	0.00466205184144024	0.552137049879452	0.000487785417075723	0.593047702321734	0.16489818436748	0.366668537755279	1.24082312674364	0.0120072009608732	0.00170652790609936
SARM1	0.937653711994462	2.58434672651548	1.17542817366625	3.10470940107527	1.85109115983951	2.41532496421444	2.40524261045485	2.37332205507642	2.54710763010599	0.804963383936995	0.619044354727197	1.30255570627889	1.97333619419853	3.02979428035737	2.73212759916361	1.75956756477743	1.00046165823597	1.16657573692962	1.59167826074064	2.05924491117735	1.27679152837646	5.39860697919964	2.77579617622644	1.12293675305609	0.842468775201472	2.49751054933794	1.56344112970066	0.791033875476679	1.14777859955674	2.92605673272416	1.96571068442902	2.09738280296339	1.79594458788278	1.08526371064889	3.29447691169809	0.302082356792186	3.30630697881074	1.63707704443661	1.87078640454965	1.42368858819283	2.74352121221269	1.45397238857766	3.59867791463379	2.38118972879517	2.87524347953287	0.657750453297855	2.08350527820138	1.71116501278412	0.764837623836299	2.31145327199752
CDCA4	2.82225722523765	1.71734595281228	3.85214724595651	4.79540758624202	2.97642119750462	1.06331118381038	2.92964693504722	1.13872267820001	3.38629446832962	4.84980108275436	4.12465379641588	3.01016360317336	3.74476300312685	2.6404175050179	1.30566746562335	0.149837426226936	3.93028367478629	5.0436399446234	2.48887635652137	1.82394622657236	2.49751054933794	0.897408807349137	1.28665262013983	2.27148197410572	2.57988905710782	2.01087063016835	4.23140717777559	5.00269382473133	1.97942450493594	4.16798577904003	0.160009746202999	2.30935969580997	3.2412912093374	3.96189506112326	1.81590208912456	3.09123784922979	2.97700996680509	3.03695558225271	3.07452570613587	3.96559470068377	3.89299633380926	2.96285969063718	2.71494363039	1.27295360411468	2.1130948851216	3.67002774181493	2.37978434327948	0.132775504625868	1.51000175950824	2.22419093494407
PAK2	5.46631817016399	3.925795361635	3.37181472646075	3.2346760668569	4.3688931612259	3.46088815085681	4.49768332423141	4.48166646813626	4.40619863677461	4.3396365986782	4.34768106041111	5.20589262537736	3.91314611639099	4.38289192443973	3.34434137005327	3.3174764087822	4.50678868432703	4.0903185499013	5.16883850557774	3.84759271334585	3.71216244488381	3.37495713803081	3.23128472853972	4.48292308836978	4.21418488635404	4.68798569573746	4.41241664171103	4.26823945602239	4.22154462628354	5.98628176210376	3.14584479323263	3.77414279012596	4.65878135445135	3.92054876605891	4.42461381206453	4.17215353255296	4.54743403254334	4.59272279425902	5.12834680341399	4.36320663556501	4.18786698616771	4.31436464626291	4.47772268517737	3.99910239238649	4.43552552876243	4.71845958027791	3.62526060546952	3.08754893301477	5.86426929815787	3.93381664279396
USP16	4.27818591590801	3.93512945395895	3.15277519909025	3.66852944248268	3.75088997058441	4.17902633187744	4.32748777436334	3.15750072089618	3.89909621663171	3.00648450237335	3.99584933587945	4.5149943329999	4.35498118449528	5.36891761639273	3.44377639594099	4.15232452772504	4.7017385506639	3.52452222100734	4.50349469480753	4.2506018871925	5.1121007485668	1.85329177354558	4.35224711185692	4.42302758259409	4.90994930267485	4.32224343216444	3.98584798550773	3.90539136551702	3.63199699616379	3.66654666720064	4.00408011858306	5.22845158128603	3.08567014583136	3.80985059602266	5.81677034880146	3.82080053624722	4.89424134324632	3.77531015771658	4.44401016222787	4.67511567137837	5.21438764126272	4.32864327680895	4.36543152766217	4.14264626332947	5.94959695834538	4.67708194513157	5.12110351890687	3.0586113950159	3.87006922842993	3.87330441771855
SYT1	0.298998253134629	0.157856073641362	0.0458211133610599	0.00111469585679834	0.704358778131372	0.136204069654977	1.47543582435361	0.00101022969963006	1.55110283853796	2.61180531735311	0.0743333386608267	0.00386291915942761	1.28101367517021	0.00374127319747698	0.802757664331303	8.28864599592591	0.167010339733882	3.572031398222	0.962329950792695	0.155511472900698	0.141868716311337	0.46307651567384	0.0234696519202667	0.100408925049553	1.48507208369227	0.12006979703249	3.52132997720782	1.07727602955557	0.244931169469826	0.132918524297059	9.91749903197712	0.00165431719607989	0.376607145889842	1.1427843623712	0.167118969981566	0.602718047936472	0.00121915445007577	0.00400193055749626	1.09651935755966	0.277754805965697	1.66658097070749	0.251605673040631	0.239111674518638	2.21132074708759	0.00243727951927403	0.00132360548055759	0.00299379432086655	0.0830776716836994	0.963831492081962	1.13696486774299
YJEFN3	1.49232385074905	1.03660101443511	0.653181895825687	2.08505018366843	1.42759321818608	1.03857020507029	1.20929512952832	0.169212383477273	1.99972119141069	0.687601700339096	0.921517284135707	1.3186836126706	1.21475553110915	0.898297163513494	0.634559598771417	5.75802683091457	0.775432313898007	1.09428503534684	1.46768902465939	1.18712204804751	1.26266410143438	1.16416752874537	0.410928335439939	4.15210011926456	2.68485667390423	2.35004962377448	1.8449251044792	1.00834796260047	1.14777859955674	0.478640479378676	4.68267167634161	0.932294931566061	1.42950276535525	0.894524895715763	1.08683954764437	1.4547862348304	1.77399632511117	1.44345290340269	1.02911567935205	1.67973709969579	1.4751350226621	0.405203139174268	2.08459017203603	0.370824685499296	2.81868559775274	1.3351788794295	0.841710643707519	1.07879462130424	1.5992257836189	0.226255340495876
IDUA	1.44873500014237	2.71869384901469	2.70062198693666	2.09451759878429	3.46353779895391	2.65444716408054	3.01128776490012	1.39751859771584	4.0632590711191	1.81873005075557	0.770303043378159	2.82477523090276	3.81342554590179	2.96109537170268	3.6782896868386	1.52870418095701	1.8834602623638	1.4782653018796	3.30334310047797	2.04668591075233	3.0392104615725	5.30006092657418	3.20048191196777	3.66963893611169	0.867571818697392	3.39986787965365	2.24676790277501	1.16467280880343	2.06920235831002	2.88844326277136	1.64583975090161	2.00726051431676	3.32233923923147	0.580564994470212	3.83737533183666	0.848848487994168	4.26653398586158	3.30352488156938	2.49314730154415	1.81348503275699	3.32587094723731	2.15612143574288	4.46439915069456	1.55203009687332	5.53607768395638	2.05593417618576	2.34343528820882	4.32037653793931	0.0120072009608732	3.26745799475739
RGS3	3.73971115723424	3.05498685475233	2.06920235831002	4.06819100382234	2.62924960901283	4.43621946694608	5.19809836151164	5.85042271052848	3.30899054610692	4.71946124282707	3.32417576252632	3.5420336908655	4.58574781232502	2.83225160968368	4.78207929757239	2.16656797497532	3.09258455147991	3.69590238876144	3.33820390824401	4.30346664351911	4.86781411603516	5.46827950871897	4.11759567510828	2.88019809550865	3.0935422133153	2.52106287890781	3.14696054008194	2.62224567996444	4.5196446086723	3.84131441010635	3.06287963398188	3.50273400622409	3.27670523332569	2.06611831660485	2.67457746088442	5.37036142285515	3.91295295719549	2.31461246843861	3.21694591115585	3.88719441505425	1.81155045331524	2.13239404950652	3.22262762418036	3.52036151050491	1.87821829051346	4.20081641303476	3.848817046481	4.86438235530535	5.43821006982805	5.36639064084635
SLC8A3	0.18753520629731	0.0194182924081646	0.0291156793520478	0.328950214200371	0.00174133399642517	0.0417136373445601	0.0751936219545881	0.0741016362527337	3.27356994407669	0.521900430688932	0.000731616293161134	0.00386291915942761	0.0363206955645457	0.00374127319747698	3.48472854424441e-05	2.56339986242709	0.519289063347672	0.254997086768376	0.261901410606471	0.000174228010705049	0.00427991317660622	0.00528715140435753	3.48472854424441e-05	0.00653653857582607	0.0105204032221639	0.0102436205568117	0.00499199925074324	0.431719845356105	0.0194354832096888	1.24272399836297	2.3998909900049	0.327673480560916	0.00247206798435064	0.0146830312032817	0.0528594033338217	0.12013392536254	0.00121915445007577	0.00400193055749626	0.00316766118067508	1.01507966736278	0.917464042777862	0.00466205184144024	0.00151507939781377	0.0829625251941624	0.00243727951927403	0.219162907397878	0.177494166725325	0.144661198111369	0.0120072009608732	0.00170652790609936
COLEC11	0.00316766118067508	0.12344868175274	0.0543367833544516	0.308076054395617	0.154102881312649	0.972719288947927	1.07066310531931	0.974883952925409	0.506160851498453	0.000348434983190721	1.87756407368631	0.570310390914298	0.0700076120429245	0.78403859742847	1.29305197143771	0.0125945823457276	0.0866918860246139	0.000174228010705049	0.00375865182003414	0.523586197735989	1.3874637767977	0.493889861544533	1.92575638118704	1.93714875860318	0.605698160784922	0.281271772976753	0.270593941819394	1.06691697604101	0.162066776789748	0.132918524297059	0.0565835283663675	0.00165431719607989	0.223437473928968	1.04568607381017	0.137012404304932	0.145559322541249	0.00121915445007577	1.31654454645656	0.210319589035873	0.353459674956166	0.607666242266435	0.514137510727432	0.269206651571608	0.625778713229207	0.818097701448337	0.551554654226378	0.279320556187408	0.144661198111369	0.0120072009608732	0.00170652790609936
ATP13A1	3.50235889290508	4.55081443481098	5.95172506644438	4.84789526383112	4.12176823539805	6.32150550456249	4.2423852666821	4.77897162062017	5.01193916155977	3.79067005939476	3.98304977069141	3.83680475931486	4.31862249058951	3.89632450556244	4.47285346905442	2.7125107187021	3.79742908467516	5.42033862008353	4.95529191084444	2.90209222679226	4.06613704024604	5.20589262537736	4.31862249058951	4.80736612306258	4.98853541013437	4.92810135834342	3.58476066030356	4.51815422698933	4.3592746622802	4.71871899424543	3.02375247868576	5.60163982325836	4.7582367352515	4.86438235530535	6.51863776273941	4.12443403297525	5.32280860191352	3.79293580658388	3.85152334337899	4.79567109333223	4.58190427935284	3.79450125640063	5.5483055675403	4.63038408545754	6.25958817453485	3.22977180883152	6.17977065386404	6.50660243276187	3.5789328808295	4.33120948259467
UBAP2	3.71981040418365	3.21882234064116	3.55980212835857	4.14284452996205	2.82962163490127	3.25252923433002	3.33694568726648	4.00566468451523	4.91686891627339	3.65935513818428	3.70725908735002	3.98160781635099	3.02137243368466	3.66636690348865	2.53991402175073	4.05365704068742	3.70417965451278	3.38148736096891	4.17487841424928	1.71002576697029	2.81621383221092	2.88898436899387	3.19058814211499	3.01090737745015	4.161557662163	2.85271299003942	3.74977649718709	4.60203232431824	3.72493229443618	4.80636017500379	3.46974915794374	3.71729296456762	3.27981578384367	4.35733355245753	3.66672640851636	4.45066459629625	2.99582312456016	3.85015874778024	3.37196620340636	4.134293371956	3.39327624571929	3.10318947116942	3.31233230028338	3.68699845895084	3.66909799333965	4.68616825156675	3.64841542152909	3.95729106220965	3.97181342488762	3.45361141526336
TIE1	0.298998253134629	1.7687801294803	1.93162824966547	1.43853072221406	2.24970914817977	3.50818365664242	0.174656522167401	4.57132506610629	4.43936938539938	0.048788790040944	1.04411531076914	2.05945393137726	0.20929512952832	0.00374127319747698	2.0855839418753	0.301686602213083	1.38457042569994	0.13449080563836	0.00375865182003414	0.507252292642284	4.84897182885225	5.42888082182822	3.19377555188415	1.78715179809982	3.79468457678892	1.12801599552634	0.00499199925074324	1.35764719521191	1.56397160380518	3.12816945199079	0.304087728218439	0.267065295413359	3.07466841381824	2.30777344105084	0.137012404304932	0.0130781286890727	0.00121915445007577	0.715108155298776	0.210319589035873	0.001184335759348	0.00466205184144024	5.25099909289719	0.00151507939781377	1.92270806098992	0.00243727951927403	2.70797392136039	0.442606995995938	4.63592119084858	0.0120072009608732	0.00170652790609936
TIMM8A	1.60999700326139	2.93316663272592	1.58397481102649	3.65167014872891	2.51447298219526	1.07088706639587	2.14792013969527	0.913269863481126	2.8671181477656	3.32929349052734	3.77649311070568	2.61120659997168	3.2770252182215	1.81524869462023	1.89267259606134	1.85532532011926	2.36561410406183	1.89658074100432	1.09560647606696	3.34996076598677	2.22619948392978	0.235238665371432	1.30093719797139	2.17445582515391	1.48115165504154	2.7092213649194	4.0120331198887	2.87808794488481	2.77036944263871	2.09947410795617	1.50436860726907	1.62001400124679	2.38022618340905	2.13282317942496	1.48791380423997	3.64684998409559	2.03680484849964	2.0070047799578	1.82110875726434	2.83768003240797	2.11850578678909	1.85055014436235	2.12549458193312	0.682367018919142	2.35596003131916	3.01072363168044	1.73572622601097	0.120149956999667	1.91786987973758	0.957080165170336
FGFR3	0.18753520629731	6.91922117385132	8.29644144650144	0.328950214200371	0.231058355617519	0.244931169469826	0.261087429059803	0.974883952925409	1.23602297603812	1.69528377772948	4.88164393277922	0.688575010973825	0.225182516396946	0.00374127319747698	0.2148456122831	5.72040140524104	0.240203697452908	2.04443635838411	0.00375865182003414	2.73033016526907	3.25484924412653	1.20390474947244	0.404426651113484	2.55183399576666	0.998474606717462	0.32613156818307	1.36661448297564	3.74881640771528	2.99141503972177	0.989244336640448	4.76393111717852	0.00165431719607989	0.183919888086452	0.495027711748926	0.108092078418517	2.33014612671107	0.0887250058641076	0.00400193055749626	0.362093748772862	0.150967745148539	0.00466205184144024	0.00466205184144024	0.37211766444918	0.14339972881181	0.00243727951927403	1.05197729077752	0.177494166725325	2.68962869035358	0.0120072009608732	0.301092766716422
IGF2R	7.09976376279708	5.53982863084742	5.22145356139426	3.29845998165244	5.84146392207136	5.0188186350263	6.52922645192469	5.4041361832496	1.18643318792227	3.78537617631862	5.12736063246346	1.1945256279035	2.48698479821489	4.88819734526663	4.15612241304049	2.80426011563474	6.47072213390788	3.95614646329292	4.43758784912825	2.77321152883222	3.57181455294906	5.22906028103033	3.63325429334431	2.93002878399122	3.68585891607447	4.0781159918448	3.27376452305747	3.63702942754963	4.31480246579821	2.88334219660931	3.25685751346461	4.89654798284578	6.20671616753841	4.28468095913814	4.68774165416099	4.3145949559018	4.52574132101013	4.54962527563789	5.29641395792285	3.36804287563531	3.53077253318011	6.86796001192047	4.80238805117524	4.15573437383976	3.42874572192649	1.56812612587291	4.81157899481078	5.47624822375873	7.66869215311307	6.19863697281691
CFAP99	0.00316766118067508	0.0110046451488498	0.000104539331293868	0.00111469585679834	0.895471229414009	0.112305272334825	0.000139384091784162	0.00101022969963006	0.000661954533568181	0.000348434983190721	0.131153623354098	0.325311321877879	0.144661198111369	0.424779315869172	0.350551909117288	0.0692604844538259	0.0567510556887906	0.0467829044660983	0.381296749680268	0.250024187889917	0.012110873878402	0.00528715140435753	0.792121000255423	0.0101225114409219	3.48472854424441e-05	0.0102436205568117	0.0964704678347419	0.0962096946505637	0.134903444069642	0.00101022969963006	0.0516831333616981	0.122024429856594	0.65331484268871	3.48472854424441e-05	0.000452949070450592	3.48472854424441e-05	0.174996099676533	0.236866004365107	0.553396122356917	0.001184335759348	0.243018483017324	0.251605673040631	0.483159946238316	0.000487785417075723	0.00243727951927403	0.00132360548055759	0.177494166725325	2.07153801507297	0.524882534077888	0.131312711962176
HDGFL3	0.986380154615282	2.47978416852872	2.13846151753418	2.79466448801983	2.15589468480176	4.02700207637979	4.63753072652947	4.38709909423332	2.96790147093662	3.63422145555518	0.221197147829064	0.737906175558355	3.39608766023087	1.33974330472727	3.89222909819104	6.53644037872811	2.31021365161879	6.05371894409198	0.636936990282342	0.523586197735989	4.46138018969552	3.12212249225741	4.04005804625775	3.26972884834011	1.6258633998016	4.6182294328424	5.10161008836563	0.693970367382824	1.42678332502768	0.651740852322402	5.88266637941725	0.327673480560916	1.37139050638187	0.788060232703962	3.93167163902435	4.45829069723273	1.95077493320663	1.61949807165328	1.37474046583138	0.88968985485491	0.243018483017324	1.63627575107439	2.42489937537416	4.68109884442013	1.17131823674218	1.43614381008545	0.00299379432086655	2.40393948766444	2.40440032215937	3.44323506558107
GPX4	4.59397292832412	7.47328947758427	7.36407310175243	8.63570848296965	9.11777201018681	7.20806962503521	7.58094907420641	7.7822526472059	7.08034998419535	7.33063114191783	8.29644144650144	6.4812558025126	7.848202136477	6.27627255662486	8.90862830400971	7.90187150090867	6.0659679985681	7.4336545805683	5.65162231786254	8.36293537442975	7.49766269260323	7.26787839935822	8.23869618440862	8.19385874102392	7.29153198001997	7.20806962503521	7.27135160116189	7.57205081014511	7.21771564546356	6.67001952869331	7.62218165227622	5.28794118538329	8.78436330817124	7.14435529456879	5.17455424737033	8.34633868107188	6.72628299847152	7.39093363729294	6.81063682719532	5.34506728349012	6.92197601051987	8.10460672958409	7.06580413926843	7.57205081014511	6.36641007003021	6.67415780390699	5.46671537928443	8.26382506871892	3.30986580471152	8.31330829759589
MAFG	4.93873637759719	2.3994518300141	2.89428587170288	2.96732902283728	4.34475046483617	3.44227041763829	4.06975031177635	3.7693629105799	3.66117979779234	2.91044069014002	3.32628096962688	4.77845492763129	2.08397796482147	1.66279993519597	2.79466448801983	3.79237253279149	4.93929359099161	2.03173442711139	3.54745936663042	2.93796751288504	1.20680628029199	3.51791011673176	2.57727848245349	1.57630596663235	2.85820208087483	4.20520133662678	4.3279771541408	2.7039898126726	2.76147800222617	3.78650040124734	3.64473965704563	2.40440032215937	3.87215781493042	3.45439526443855	2.60394522448404	4.00985538664778	1.90201763541998	4.48144184501321	3.38223618603979	2.20964548613586	3.66963893611169	2.98850467479149	2.22998167037582	2.75207371167057	2.46025189048721	2.80747190604283	2.45836995704567	4.05841480209711	3.84192087072269	2.685533940842
AC099489.1	2.14839970025614	0.0465129927400711	0.864283056908565	0.487690151779932	1.27679152837646	0.178664610470084	0.158199628234094	0.230865353929238	0.420984184296143	0.0771604190659852	0.257943476880011	1.3186836126706	0.255216085059685	0.731603032374734	0.0464117628225309	0.0194182924081646	1.58778240722607	0.265094756535538	0.463935774210788	0.0404774164984887	0.0790585611221865	0.235238665371432	0.0929787195740643	0.36453183245511	1.34835012467875	0.66410903105318	0.0964704678347419	0.181432932187672	0.171720476576887	0.786333717589591	0.0386974309689921	1.36924729903735	1.33927511631447	0.0668338029755644	1.16175529395483	0.208556464827316	1.6161940194243	1.66932261192529	0.362093748772862	0.526673679751651	1.72893528356101	1.34056914910997	1.54118679558835	0.0829625251941624	2.05593417618576	1.65084224299483	1.60350952429512	2.20435849850619	5.65288272058255	0.301092766716422
B3GNT4	0.00316766118067508	0.11647405347541	0.579037857972303	0.00111469585679834	0.111337810578796	0.000139384091784162	0.0489909095043549	0.00101022969963006	0.76239503883241	1.43643997601107	0.443068461521002	0.00386291915942761	0.742027046415116	0.273955473208444	0.163592071333854	0.735689604007788	0.0567510556887906	0.226568097307641	0.243018483017324	0.000174228010705049	0.0744326283024772	0.00528715140435753	0.138152812147637	0.0484181641307171	0.0154417182111585	0.101903373623316	0.701415124107279	0.0665010627552398	0.554748993950115	0.00101022969963006	0.848519527477488	0.00165431719607989	0.137471843669105	0.046968439489646	0.0528594033338217	0.239451175591344	0.272758915725615	0.531708426803682	0.210319589035873	0.0980666758892709	0.705192613234347	0.663735124860762	0.321049665313298	0.0543200034406262	0.00243727951927403	0.270463940013414	0.177494166725325	0.0830776716836994	0.0120072009608732	0.131312711962176
DZANK1	1.29363491012846	0.251093344555906	0.783846329163841	2.20392744031383	1.22662766234722	1.40074911234644	0.949539444039902	0.0997099015616193	0.983263515858891	1.20416189144637	0.994754608001049	1.50897974121303	1.05176718445793	1.30232258340333	0.965045881918724	0.855720131856358	1.07358844845559	1.56737378543675	0.438421435170965	0.345624012655489	0.962473022074913	0.654222985174982	1.57020477677271	0.606636767069689	0.217440536613015	0.993188643410325	1.45029163596146	0.40596605928041	0.338062628528712	1.74860642447408	0.995235429129676	1.70186508914722	1.28330626058544	0.458569672463661	2.25208124378025	0.651563393600706	1.60942608657043	1.36824874471062	1.15483865071168	2.06199736966646	2.20268269880858	1.51075404079018	1.59625530796312	0.316999188638613	1.83747528071649	1.2799808219597	1.64634078140115	2.12769707274347	1.27219633497513	0.57841954925527
TIFA	2.84335518649067	1.21948468782168	1.53168432122062	5.3963689970182	2.71292003234819	2.64688615012838	2.21760537408781	3.17211487212541	1.39371065807863	2.06739097097486	2.54256910305228	1.75905288269337	2.97605586267898	3.88048915347065	1.73427633109974	0.594317751578228	3.84002894054528	1.34936254229285	1.29739701401767	2.55163489616308	3.30238263380653	2.42249953500821	3.34399136043245	2.67766347574635	1.90119221094754	3.73154269496379	1.44694023369253	2.83488412509538	0.794473630760872	2.39461222649788	0.438871387513791	5.6615509244682	2.71604187672079	2.47678239619098	2.31238667366378	1.12212049105055	3.00764186440413	2.26940181988876	2.42224925418585	5.72425613831736	4.96485731671975	3.2074364404427	3.07206022012076	1.6446031312036	1.78440788300622	2.80480380701668	5.28900490119371	0.195773620906468	5.12142790678116	1.33388000057918
NOX1	0.00316766118067508	0.970266813417174	0.0291156793520478	0.00111469585679834	0.111337810578796	0.000139384091784162	0.0489909095043549	0.00101022969963006	0.000661954533568181	0.000348434983190721	0.000731616293161134	0.00386291915942761	0.488808067526157	0.00374127319747698	0.362812057051012	0.00965528102159022	0.000174228010705049	0.000174228010705049	0.00375865182003414	0.786010397412113	3.48472854424441e-05	0.00528715140435753	0.0538668719787359	0.201482341446685	0.0747304562339423	6.96937291935136e-05	0.934803641812109	3.48472854424441e-05	5.17137819306048	0.00101022969963006	3.48472854424441e-05	0.199708377388823	0.00247206798435064	3.48472854424441e-05	0.000452949070450592	0.0392570916730964	0.00121915445007577	0.00400193055749626	0.00316766118067508	0.277754805965697	0.387437136443878	0.00466205184144024	0.00151507939781377	0.000487785417075723	0.658942754193044	0.00132360548055759	0.577590833406322	0.000452949070450592	0.0120072009608732	0.00170652790609936
NTSR2	0.00316766118067508	0.000174228010705049	0.000104539331293868	0.235179454805628	0.00174133399642517	0.000139384091784162	0.000139384091784162	0.00101022969963006	0.000661954533568181	0.000348434983190721	0.000731616293161134	0.00386291915942761	0.000243913324001203	0.00374127319747698	3.48472854424441e-05	3.46109384666847	0.000174228010705049	0.000174228010705049	0.00375865182003414	0.000174228010705049	3.48472854424441e-05	0.00528715140435753	3.48472854424441e-05	0.00135842081028621	0.00650184798271614	6.96937291935136e-05	3.48472854424441e-05	3.48472854424441e-05	3.48472854424441e-05	0.00101022969963006	2.9294388191218	0.00165431719607989	0.00247206798435064	0.00379340843713569	0.000452949070450592	3.48472854424441e-05	0.00121915445007577	0.00400193055749626	0.00316766118067508	0.001184335759348	0.00466205184144024	0.00466205184144024	0.00151507939781377	0.000487785417075723	0.00243727951927403	0.00132360548055759	0.00299379432086655	0.000452949070450592	0.0120072009608732	0.00170652790609936
AGER	4.00545206307615	1.80550182576738	0.486534061409527	3.09874615701066	2.71910935082111	4.40645418223518	1.10584323879545	0.290903017406791	3.06703548937498	1.11804829413675	1.65867788358054	2.67649745456802	0.913519638354733	2.95331248174245	4.47628462420372	0.211975264277556	2.52675834104987	0.505350934642251	3.44491604898831	1.26105834979468	3.3337400249568	1.67825157740966	5.72516287951012	5.30006092657418	2.64558917038605	2.27535980139697	1.32772207262935	2.74902117674904	1.3265901467288	1.44902221096103	0.197233315429565	2.44893924481965	2.52539105820482	2.31651656379588	3.59624090122537	2.05984680738921	4.23665344498432	2.65119176869024	2.98440002001541	3.02747975016593	2.91155264744996	1.11400482087767	4.53676319798999	1.62142477828048	5.06558459065431	2.17051729085245	2.4420620202499	11.3068900204905	4.33275549176111	0.368005748577101
CBLC	0.00316766118067508	4.37714638822207	4.72209902088722	0.00111469585679834	0.00174133399642517	0.603429249379964	0.000139384091784162	0.00101022969963006	0.130198723126702	4.48097454807155	1.59016284893656	0.00386291915942761	0.000243913324001203	0.00374127319747698	0.571260570427624	0.0161827770509045	0.000174228010705049	0.392994305115411	0.00375865182003414	4.97773895516769	0.0289107559302563	0.00528715140435753	0.66643826275758	0.323460579744876	1.37031256103172	0.190591959015924	3.48472854424441e-05	2.18736689684846	4.91937693347836	0.149240511793219	0.0332421013392062	0.00165431719607989	0.00247206798435064	0.683463213450215	0.000452949070450592	0.696090609046794	0.00121915445007577	0.00400193055749626	0.00316766118067508	0.001184335759348	0.00466205184144024	0.00466205184144024	0.295935927605581	0.000487785417075723	0.00243727951927403	0.00132360548055759	0.00299379432086655	1.52259195473232	0.0120072009608732	0.00170652790609936
DNAJC5	6.24421834651139	2.71371175120639	4.4961121626677	3.90142776156276	4.40483551100985	4.93696959414802	3.36341827484774	4.6142553299892	3.24863529846068	4.88392652765745	4.49367332102214	4.78261368582515	3.64972652317485	3.99255390004424	3.88954996091572	6.07098452008217	5.02315354882848	3.35411072986306	3.97352254534014	2.95368586981854	2.31257959492989	4.03386132441012	3.7512484296968	3.39158875579139	3.251009158902	3.2412912093374	3.33658008039845	3.81438075691962	4.21332755648182	3.34243931470309	5.80404557550739	3.30219894234925	4.97827301781671	4.02304316431549	3.53321422705236	3.574546179382	3.8081338069149	5.35858091987694	4.55845694703346	3.63612721075575	3.06688370739023	5.24894140875047	4.0235746471148	3.95909028560399	3.09589996526054	3.09685135644533	3.31835177595592	4.40645418223518	5.39031561032962	4.2959421368068
